{"threshold": 0.496969696969697, "accuracy": 1.0, "cv_accuracy": 0.7023809523809523}